,word,variant
0,abettor,A
1,abetter,B
2,abettors,A
3,abetters,B
4,abettor's,A
5,abetter's,B
6,abridgment,A
7,abridgement,B
8,abridgments,A
9,abridgements,B
10,abridgment's,A
11,abridgement's,B
12,accouter,A
13,accoutre,B
14,accoutered,A
15,accoutred,B
16,accoutering,A
17,accoutring,B
18,accouters,A
19,accoutres,B
20,accouterment,A
21,accoutrement,B
22,accouterments,A
23,accoutrements,B
24,accouterment's,A
25,accoutrement's,B
26,acknowledgment,A
27,acknowledgement,B
28,acknowledgments,A
29,acknowledgements,B
30,acknowledgment's,A
31,acknowledgement's,B
32,adapter,A
33,adaptor,B
34,adapters,A
35,adaptors,B
36,adapter's,A
37,adaptor's,B
38,aging,A
39,ageing,B
40,agings,A
41,ageings,B
42,aging's,A
43,ageing's,B
44,airfoil,A
45,aerofoil,B
46,airfoils,A
47,aerofoils,B
48,airfoil's,A
49,aerofoil's,B
50,airplane,A
51,aeroplane,B
52,airplanes,A
53,aeroplanes,B
54,airplane's,A
55,aeroplane's,B
56,aluminum,A
57,aluminium,B
58,aluminums,A
59,aluminiums,B
60,aluminum's,A
61,aluminium's,B
62,ambiance,A
63,ambience,B
64,ambiances,A
65,ambiences,B
66,ambiance's,A
67,ambience's,B
68,amenorrhea,A
69,amenorrhoea,B
70,amenorrheas,A
71,amenorrhoeas,B
72,amenorrhea's,A
73,amenorrhoea's,B
74,amphitheater,A
75,amphitheatre,B
76,amphitheaters,A
77,amphitheatres,B
78,amphitheater's,A
79,amphitheatre's,B
80,analyzable,A
81,analysable,B
82,analyzabler,A
83,analysabler,B
84,analyzablest,A
85,analysablest,B
86,analyze,A
87,analyse,B
88,analyzed,A
89,analysed,B
90,analyzing,A
91,analysing,B
92,analyzes,A
93,analyzer,A
94,analyser,B
95,analyzers,A
96,analysers,B
97,analyzer's,A
98,analyser's,B
99,anemia,A
100,anaemia,B
101,anemias,A
102,anaemias,B
103,anemia's,A
104,anaemia's,B
105,anemic,A
106,anaemic,B
107,anemicer,A
108,anaemicer,B
109,anemicest,A
110,anaemicest,B
111,anemics,A
112,anaemics,B
113,anesthesia,A
114,anaesthesia,B
115,anesthesias,A
116,anaesthesias,B
117,anesthesia's,A
118,anaesthesia's,B
119,anesthesiologist,A
120,anaesthesiologist,B
121,anesthesiologists,A
122,anaesthesiologists,B
123,anesthesiologist's,A
124,anaesthesiologist's,B
125,anesthesiology,A
126,anaesthesiology,B
127,anesthesiologies,A
128,anaesthesiologies,B
129,anesthesiology's,A
130,anaesthesiology's,B
131,anesthetic,A
132,anaesthetic,B
133,anestheticer,A
134,anaestheticer,B
135,anestheticest,A
136,anaestheticest,B
137,anesthetics,A
138,anaesthetics,B
139,anesthetic's,A
140,anaesthetic's,B
141,anesthetist,A
142,anaesthetist,B
143,anesthetists,A
144,anaesthetists,B
145,anesthetist's,A
146,anaesthetist's,B
147,apnea,A
148,apnoea,B
149,apneas,A
150,apnoeas,B
151,apnea's,A
152,apnoea's,B
153,appall,A
154,appal,B
155,appalls,A
156,appals,B
157,appareled,A
158,apparelled,B
159,appareling,A
160,apparelling,B
161,arbor,A
162,arbour,B
163,arbors,A
164,arbours,B
165,arbores,A
166,arboures,B
167,arbor's,A
168,arbour's,B
169,arbored,A
170,arboured,B
171,ardor,A
172,ardour,B
173,ardors,A
174,ardours,B
175,ardor's,A
176,ardour's,B
177,armor,A
178,armour,B
179,armored,A
180,armoured,B
181,armoring,A
182,armouring,B
183,armors,A
184,armours,B
185,armor's,A
186,armour's,B
187,armorer,A
188,armourer,B
189,armorers,A
190,armourers,B
191,armorer's,A
192,armourer's,B
193,armory,A
194,armoury,B
195,armories,A
196,armouries,B
197,armory's,A
198,armoury's,B
199,artifact,A
200,artefact,B
201,artifact's,A
202,artefact's,B
203,artifacts,A
204,artefacts,B
205,asafetida,A
206,asafoetida,B
207,asafetidas,A
208,asafoetidas,B
209,asafetida's,A
210,asafoetida's,B
211,asshole,A
212,arsehole,B
213,assholes,A
214,arseholes,B
215,asshole's,A
216,arsehole's,B
217,ax,A
218,axe,B
219,ax's,A
220,axe's,B
221,balk,A
222,baulk,B
223,balk's,A
224,baulk's,B
225,balked,A
226,baulked,B
227,balking,A
228,baulking,B
229,balks,A
230,baulks,B
231,barreled,A
232,barrelled,B
233,barreling,A
234,barrelling,B
235,bedeviled,A
236,bedevilled,B
237,bedeviling,A
238,bedevilling,B
239,behavior,A
240,behaviour,B
241,behaviors,A
242,behaviours,B
243,behavior's,A
244,behaviour's,B
245,behavioral,A
246,behavioural,B
247,behavioraler,A
248,behaviouraler,B
249,behavioralest,A
250,behaviouralest,B
251,behaviorally,A
252,behaviourally,B
253,behaviorism,A
254,behaviourism,B
255,behaviorisms,A
256,behaviourisms,B
257,behaviorism's,A
258,behaviourism's,B
259,behaviorist,A
260,behaviourist,B
261,behaviorists,A
262,behaviourists,B
263,behaviorist's,A
264,behaviourist's,B
265,behavioristic,A
266,behaviouristic,B
267,behavioristicer,A
268,behaviouristicer,B
269,behavioristicest,A
270,behaviouristicest,B
271,behavioristics,A
272,behaviouristics,B
273,behoove,A
274,behove,B
275,behooved,A
276,behoved,B
277,behooving,A
278,behoving,B
279,behooves,A
280,behoves,B
281,behoove's,A
282,behove's,B
283,behoovings,A
284,behovings,B
285,behooving's,A
286,behoving's,B
287,bejeweled,A
288,bejewelled,B
289,bejeweling,A
290,bejewelling,B
291,belabor,A
292,belabour,B
293,belabored,A
294,belaboured,B
295,belaboring,A
296,belabouring,B
297,belabors,A
298,belabours,B
299,belabor's,A
300,belabour's,B
301,beveled,A
302,bevelled,B
303,beveler,A
304,beveller,B
305,bevelers,A
306,bevellers,B
307,beveler's,A
308,beveller's,B
309,beveling,A
310,bevelling,B
311,bevelings,A
312,bevellings,B
313,bister,A
314,bistre,B
315,bisters,A
316,bistres,B
317,bister's,A
318,bistre's,B
319,blamable,A
320,blameable,B
321,blond,A
322,blonde,B
323,blonds,A
324,blondes,B
325,blond's,A
326,blonde's,B
327,blowzy,A
328,blowsy,B
329,blowzier,A
330,blowsier,B
331,blowziest,A
332,blowsiest,B
333,breathalyze,A
334,breathalyse,B
335,breathalyzed,A
336,breathalysed,B
337,breathalyzing,A
338,breathalysing,B
339,breathalyzes,A
340,breathalyzer,A
341,breathalyser,B
342,breathalyzer's,A
343,breathalyser's,B
344,breathalyzers,A
345,breathalysers,B
346,brier,A
347,briar,B
348,briers,A
349,briars,B
350,brier's,A
351,briar's,B
352,caftan,A
353,kaftan,B
354,caftans,A
355,kaftans,B
356,caftan's,A
357,kaftan's,B
358,caliber,A
359,calibre,B
360,calibers,A
361,calibres,B
362,caliber's,A
363,calibre's,B
364,canceled,A
365,cancelled,B
366,canceling,A
367,cancelling,B
368,canceler,A
369,canceller,B
370,cancelers,A
371,cancellers,B
372,canceler's,A
373,canceller's,B
374,candor,A
375,candour,B
376,candors,A
377,candours,B
378,candor's,A
379,candour's,B
380,caroled,A
381,carolled,B
382,caroling,A
383,carolling,B
384,caroler,A
385,caroller,B
386,carolers,A
387,carollers,B
388,caroler's,A
389,caroller's,B
390,catalog,A
391,catalogue,B
392,cataloged,A
393,catalogued,B
394,cataloging,A
395,cataloguing,B
396,catalogs,A
397,catalogues,B
398,catalog's,A
399,catalogue's,B
400,cataloger,A
401,cataloguer,B
402,catalogers,A
403,cataloguers,B
404,cataloger's,A
405,cataloguer's,B
406,catalyze,A
407,catalyse,B
408,catalyzed,A
409,catalysed,B
410,catalyzing,A
411,catalysing,B
412,catalyzes,A
413,caviled,A
414,cavilled,B
415,caviling,A
416,cavilling,B
417,cavilings,A
418,cavillings,B
419,caviler,A
420,caviller,B
421,cavilers,A
422,cavillers,B
423,caviler's,A
424,caviller's,B
425,celom,A
426,coelom,B
427,coeloms,B
428,celoms,A
429,celom's,A
430,coelom's,B
431,cenobite,A
432,coenobite,B
433,cenobites,A
434,coenobites,B
435,cenobite's,A
436,coenobite's,B
437,cenobitic,A
438,coenobitic,B
439,cenobitical,A
440,coenobitical,B
441,center,A
442,centre,B
443,centered,A
444,centred,B
445,centering,A
446,centring,B
447,center's,A
448,centre's,B
449,centerings,A
450,centrings,B
451,centering's,A
452,centring's,B
453,centers,A
454,centres,B
455,centerboard,A
456,centreboard,B
457,centerboards,A
458,centreboards,B
459,centerboard's,A
460,centreboard's,B
461,centerfold,A
462,centrefold,B
463,centerfolds,A
464,centrefolds,B
465,centerfold's,A
466,centrefold's,B
467,centerpiece,A
468,centrepiece,B
469,centerpieces,A
470,centrepieces,B
471,centerpiece's,A
472,centrepiece's,B
473,centiliter,A
474,centilitre,B
475,centiliters,A
476,centilitres,B
477,centiliter's,A
478,centilitre's,B
479,centimeter,A
480,centimetre,B
481,centimeters,A
482,centimetres,B
483,centimeter's,A
484,centimetre's,B
485,cesium,A
486,caesium,B
487,cesiums,A
488,caesiums,B
489,cesium's,A
490,caesium's,B
491,cesural,A
492,caesural,B
493,channeled,A
494,channelled,B
495,channeling,A
496,channelling,B
497,chaperon,A
498,chaperone,B
499,chaperons,A
500,chaperones,B
501,chaperon's,A
502,chaperone's,B
503,checkbook,A
504,chequebook,B
505,checkbooks,A
506,chequebooks,B
507,checkbook's,A
508,chequebook's,B
509,checkerboard,A
510,chequerboard,B
511,checkerboards,A
512,chequerboards,B
513,checkerboard's,A
514,chequerboard's,B
515,chilli,B
516,chili,A
517,chilli's,B
518,chili's,A
519,chiseled,A
520,chiselled,B
521,chiseling,A
522,chiselling,B
523,chiseler,A
524,chiseller,B
525,chiselers,A
526,chisellers,B
527,chiseler's,A
528,chiseller's,B
529,chocolaty,A
530,chocolatey,B
531,clamor,A
532,clamour,B
533,clamored,A
534,clamoured,B
535,clamoring,A
536,clamouring,B
537,clamors,A
538,clamours,B
539,clamor's,A
540,clamour's,B
541,clangor,A
542,clangour,B
543,clangored,A
544,clangoured,B
545,clangoring,A
546,clangouring,B
547,clangors,A
548,clangours,B
549,clangor's,A
550,clangour's,B
551,clarinetist,A
552,clarinettist,B
553,clarinetists,A
554,clarinettists,B
555,clarinetist's,A
556,clarinettist's,B
557,collectible,A
558,collectable,B
559,collectibles,A
560,collectables,B
561,collectible's,A
562,collectable's,B
563,color,A
564,colour,B
565,colored,A
566,coloured,B
567,colored's,A
568,coloured's,B
569,colorer,A
570,colourer,B
571,color's,A
572,colour's,B
573,coloreds,A
574,coloureds,B
575,colorers,A
576,colourers,B
577,colorer's,A
578,colourer's,B
579,coloring,A
580,colouring,B
581,colorings,A
582,colourings,B
583,coloring's,A
584,colouring's,B
585,colorrest,A
586,colourest,B
587,colors,A
588,colours,B
589,colorable,A
590,colourable,B
591,colorabler,A
592,colourabler,B
593,colorables,A
594,colourables,B
595,colorablest,A
596,colourablest,B
597,colorable's,A
598,colourable's,B
599,colorant,A
600,colourant,B
601,colorants,A
602,colourants,B
603,colorant's,A
604,colourant's,B
605,colorful,A
606,colourful,B
607,colorfuler,A
608,colourfuler,B
609,colorfulest,A
610,colourfulest,B
611,colorfully,A
612,colourfully,B
613,colorfullier,A
614,colourfullier,B
615,colorfulliest,A
616,colourfulliest,B
617,colorfulness,A
618,colourfulness,B
619,colorfulnesses,A
620,colourfulnesses,B
621,colorfulness's,A
622,colourfulness's,B
623,colorist,A
624,colourist,B
625,colorists,A
626,colourists,B
627,colorist's,A
628,colourist's,B
629,colorless,A
630,colourless,B
631,colorlesser,A
632,colourlesser,B
633,colorlessest,A
634,colourlessest,B
635,colorlessly,A
636,colourlessly,B
637,colorlesslier,A
638,colourlesslier,B
639,colorlessliest,A
640,colourlessliest,B
641,colorway,A
642,colourway,B
643,colorways,A
644,colourways,B
645,councilor,A
646,councillor,B
647,councilors,A
648,councillors,B
649,councilor's,A
650,councillor's,B
651,councilorship,A
652,councillorship,B
653,councilorships,A
654,councillorships,B
655,councilorship's,A
656,councillorship's,B
657,counseled,A
658,counselled,B
659,counseling,A
660,counselling,B
661,counselor,A
662,counsellor,B
663,counselors,A
664,counsellors,B
665,counselor's,A
666,counsellor's,B
667,cozily,A
668,cosily,B
669,coziness,A
670,cosiness,B
671,coziness's,A
672,cosiness's,B
673,cozy,A
674,cosy,B
675,cozied,A
676,cosied,B
677,cozier,A
678,cosier,B
679,coziest,A
680,cosiest,B
681,cozying,A
682,cosying,B
683,cozies,A
684,cosies,B
685,cozy's,A
686,cosy's,B
687,crenelate,A
688,crenellate,B
689,crenelated,A
690,crenellated,B
691,crenelater,A
692,crenellater,B
693,crenelates,A
694,crenellates,B
695,crenelatest,A
696,crenellatest,B
697,crenelating,A
698,crenellating,B
699,crosier,A
700,crozier,B
701,crosiers,A
702,croziers,B
703,crosier's,A
704,crozier's,B
705,crueler,A
706,crueller,B
707,cruelest,A
708,cruellest,B
709,cudgeled,A
710,cudgelled,B
711,cudgeling,A
712,cudgelling,B
713,cudgelings,A
714,cudgellings,B
715,cupelation,A
716,cupellation,B
717,tsar,B
718,czar,A
719,tsars,B
720,czars,A
721,tsar's,B
722,czar's,A
723,deciliter,A
724,decilitre,B
725,deciliters,A
726,decilitres,B
727,deciliter's,A
728,decilitre's,B
729,decimeter,A
730,decimetre,B
731,decimeters,A
732,decimetres,B
733,decimeter's,A
734,decimetre's,B
735,defense,A
736,defence,B
737,defensed,A
738,defenced,B
739,defensing,A
740,defencing,B
741,defenses,A
742,defences,B
743,defense's,A
744,defence's,B
745,defenseless,A
746,defenceless,B
747,defenselesser,A
748,defencelesser,B
749,defenselessest,A
750,defencelessest,B
751,defenselessness,A
752,defencelessness,B
753,defenselessnesses,A
754,defencelessnesses,B
755,defenselessness's,A
756,defencelessness's,B
757,demeanor,A
758,demeanour,B
759,demeanors,A
760,demeanours,B
761,demeanor's,A
762,demeanour's,B
763,dentin,A
764,dentine,B
765,dentins,A
766,dentines,B
767,dentin's,A
768,dentine's,B
769,deviled,A
770,devilled,B
771,deviling,A
772,devilling,B
773,dialed,A
774,dialled,B
775,dialing,A
776,dialling,B
777,dialings,A
778,diallings,B
779,dialing's,A
780,dialling's,B
781,dialyze,A
782,dialyse,B
783,dialyzed,A
784,dialysed,B
785,dialyzing,A
786,dialysing,B
787,dialyzes,A
788,diarrhea,A
789,diarrhoea,B
790,diarrheas,A
791,diarrhoeas,B
792,diarrhea's,A
793,diarrhoea's,B
794,diarrheal,A
795,diarrhoeal,B
796,diarrhealer,A
797,diarrhoealer,B
798,diarrhealest,A
799,diarrhoealest,B
800,dike,A
801,dyke,B
802,diked,A
803,dyked,B
804,diking,A
805,dyking,B
806,dikes,A
807,dykes,B
808,dike's,A
809,dyke's,B
810,diopter,A
811,dioptre,B
812,diopters,A
813,dioptres,B
814,diopter's,A
815,dioptre's,B
816,discolor,A
817,discolour,B
818,discolored,A
819,discoloured,B
820,discolor's,A
821,discolour's,B
822,discoloreds,A
823,discoloureds,B
824,discolored's,A
825,discoloured's,B
826,discoloring,A
827,discolouring,B
828,discolors,A
829,discolours,B
830,disemboweled,A
831,disembowelled,B
832,disemboweling,A
833,disembowelling,B
834,disfavor,A
835,disfavour,B
836,disfavored,A
837,disfavoured,B
838,disfavoring,A
839,disfavouring,B
840,disfavors,A
841,disfavours,B
842,disfavor's,A
843,disfavour's,B
844,disheveled,A
845,dishevelled,B
846,disheveling,A
847,dishevelling,B
848,dishonor,A
849,dishonour,B
850,dishonored,A
851,dishonoured,B
852,dishonoring,A
853,dishonouring,B
854,dishonors,A
855,dishonours,B
856,dishonor's,A
857,dishonour's,B
858,dishonorable,A
859,dishonourable,B
860,dishonorabler,A
861,dishonourabler,B
862,dishonorables,A
863,dishonourables,B
864,dishonorablest,A
865,dishonourablest,B
866,dishonorable's,A
867,dishonourable's,B
868,dishonorableness,A
869,dishonourableness,B
870,dishonorablenesses,A
871,dishonourablenesses,B
872,dishonorableness's,A
873,dishonourableness's,B
874,dishonorably,A
875,dishonourably,B
876,dishonorablier,A
877,dishonourablier,B
878,dishonorablies,A
879,dishonourablies,B
880,dishonorabliest,A
881,dishonourabliest,B
882,distill,A
883,distil,B
884,distills,A
885,distils,B
886,dolor,A
887,dolour,B
888,dolors,A
889,dolours,B
890,dolor's,A
891,dolour's,B
892,downdraft,A
893,downdraught,B
894,downdraft's,A
895,downdraught's,B
896,draftily,A
897,draughtily,B
898,draftilier,A
899,draughtilier,B
900,draftiliest,A
901,draughtiliest,B
902,draftiness,A
903,draughtiness,B
904,draftinesses,A
905,draughtinesses,B
906,draftiness's,A
907,draughtiness's,B
908,draftsman,A
909,draughtsman,B
910,draftsmen,A
911,draughtsmen,B
912,draftsman's,A
913,draughtsman's,B
914,draftsmanship,A
915,draughtsmanship,B
916,draftsmanships,A
917,draughtsmanships,B
918,draftsmanship's,A
919,draughtsmanship's,B
920,draftswoman,A
921,draughtswoman,B
922,draftswomen,A
923,draughtswomen,B
924,draftswoman's,A
925,draughtswoman's,B
926,drafty,A
927,draughty,B
928,draftier,A
929,draughtier,B
930,draftiest,A
931,draughtiest,B
932,driveled,A
933,drivelled,B
934,driveling,A
935,drivelling,B
936,driveler,A
937,driveller,B
938,drivelers,A
939,drivellers,B
940,driveler's,A
941,driveller's,B
942,dryly,A
943,drily,B
944,dueled,A
945,duelled,B
946,dueling,A
947,duelling,B
948,duelings,A
949,duellings,B
950,dueler,A
951,dueller,B
952,duelers,A
953,duellers,B
954,dueler's,A
955,dueller's,B
956,duelist,A
957,duellist,B
958,duelists,A
959,duellists,B
960,duelist's,A
961,duellist's,B
962,dyspnea,A
963,dyspnoea,B
964,dyspneas,A
965,dyspnoeas,B
966,dyspnea's,A
967,dyspnoea's,B
968,edema,A
969,oedema,B
970,edemas,A
971,oedemas,B
972,edema's,A
973,oedema's,B
974,edematous,A
975,oedematous,B
976,enameled,A
977,enamelled,B
978,enameling,A
979,enamelling,B
980,enamelings,A
981,enamellings,B
982,enameler,A
983,enameller,B
984,enamelers,A
985,enamellers,B
986,enameler's,A
987,enameller's,B
988,enamor,A
989,enamour,B
990,enamored,A
991,enamoured,B
992,enamor's,A
993,enamour's,B
994,enamoreds,A
995,enamoureds,B
996,enamored's,A
997,enamoured's,B
998,enamoring,A
999,enamouring,B
1000,enamors,A
1001,enamours,B
1002,endeavor,A
1003,endeavour,B
1004,endeavored,A
1005,endeavoured,B
1006,endeavoring,A
1007,endeavouring,B
1008,endeavors,A
1009,endeavours,B
1010,endeavor's,A
1011,endeavour's,B
1012,enological,A
1013,oenological,B
1014,enologist,A
1015,oenologist,B
1016,enologists,A
1017,oenologists,B
1018,enroll,A
1019,enrol,B
1020,enrolls,A
1021,enrols,B
1022,enrollment,A
1023,enrolment,B
1024,enrollments,A
1025,enrolments,B
1026,enrollment's,A
1027,enrolment's,B
1028,enthrall,A
1029,enthral,B
1030,enthralls,A
1031,enthrals,B
1032,enthrallment,A
1033,enthralment,B
1034,enthrallments,A
1035,enthralments,B
1036,enthrallment's,A
1037,enthralment's,B
1038,eon,A
1039,aeon,B
1040,eons,A
1041,aeons,B
1042,eon's,A
1043,aeon's,B
1044,epaulet,A
1045,epaulette,B
1046,epaulets,A
1047,epaulettes,B
1048,epaulet's,A
1049,epaulette's,B
1050,epicenter,A
1051,epicentre,B
1052,epicenters,A
1053,epicentres,B
1054,epicenter's,A
1055,epicentre's,B
1056,equaled,A
1057,equalled,B
1058,equaling,A
1059,equalling,B
1060,esophagus,A
1061,oesophagus,B
1062,esthetician,A
1063,aesthetician,B
1064,estheticians,A
1065,aestheticians,B
1066,esthetician's,A
1067,aesthetician's,B
1068,estival,A
1069,aestival,B
1070,estivate,A
1071,aestivate,B
1072,estivated,A
1073,aestivated,B
1074,estivating,A
1075,aestivating,B
1076,estivates,A
1077,aestivates,B
1078,estivation,A
1079,aestivation,B
1080,estivations,A
1081,aestivations,B
1082,estivation's,A
1083,aestivation's,B
1084,estrogen,A
1085,oestrogen,B
1086,estrogens,A
1087,oestrogens,B
1088,estrogen's,A
1089,oestrogen's,B
1090,estrogenic,A
1091,oestrogenic,B
1092,estrous,A
1093,oestrous,B
1094,estrus,A
1095,oestrus,B
1096,estruses,A
1097,oestruses,B
1098,estrus's,A
1099,oestrus's,B
1100,etiologically,A
1101,aetiologically,B
1102,etiology,A
1103,aetiology,B
1104,etiology's,A
1105,aetiology's,B
1106,eviler,A
1107,eviller,B
1108,evilest,A
1109,evillest,B
1110,favor,A
1111,favour,B
1112,favored,A
1113,favoured,B
1114,favor's,A
1115,favour's,B
1116,favoreds,A
1117,favoureds,B
1118,favored's,A
1119,favoured's,B
1120,favoring,A
1121,favouring,B
1122,favorings,A
1123,favourings,B
1124,favoring's,A
1125,favouring's,B
1126,favors,A
1127,favours,B
1128,favorable,A
1129,favourable,B
1130,favorabler,A
1131,favourabler,B
1132,favorables,A
1133,favourables,B
1134,favorablest,A
1135,favourablest,B
1136,favorable's,A
1137,favourable's,B
1138,favorableness,A
1139,favourableness,B
1140,favorablenesses,A
1141,favourablenesses,B
1142,favorableness's,A
1143,favourableness's,B
1144,favorably,A
1145,favourably,B
1146,favorablier,A
1147,favourablier,B
1148,favorabliest,A
1149,favourabliest,B
1150,favorite,A
1151,favourite,B
1152,favoriter,A
1153,favouriter,B
1154,favorites,A
1155,favourites,B
1156,favoritest,A
1157,favouritest,B
1158,favorite's,A
1159,favourite's,B
1160,favoritism,A
1161,favouritism,B
1162,favoritisms,A
1163,favouritisms,B
1164,favoritism's,A
1165,favouritism's,B
1166,fecal,A
1167,faecal,B
1168,feces,A
1169,faeces,B
1170,feces's,A
1171,faeces's,B
1172,fervor,A
1173,fervour,B
1174,fervors,A
1175,fervours,B
1176,fervor's,A
1177,fervour's,B
1178,fiber,A
1179,fibre,B
1180,fibers,A
1181,fibres,B
1182,fiber's,A
1183,fibre's,B
1184,fiberboard,A
1185,fibreboard,B
1186,fiberboards,A
1187,fibreboards,B
1188,fiberboard's,A
1189,fibreboard's,B
1190,fiberfill,A
1191,fibrefill,B
1192,fiberfills,A
1193,fibrefills,B
1194,fiberfill's,A
1195,fibrefill's,B
1196,fiberglass,A
1197,fibreglass,B
1198,fiberglasses,A
1199,fibreglasses,B
1200,fiberglass's,A
1201,fibreglass's,B
1202,fiberless,A
1203,fibreless,B
1204,fiberlesser,A
1205,fibrelesser,B
1206,fiberlessest,A
1207,fibrelessest,B
1208,flanneled,A
1209,flannelled,B
1210,flanneling,A
1211,flannelling,B
1212,flavor,A
1213,flavour,B
1214,flavored,A
1215,flavoured,B
1216,flavoring,A
1217,flavouring,B
1218,flavor's,A
1219,flavour's,B
1220,flavorings,A
1221,flavourings,B
1222,flavoring's,A
1223,flavouring's,B
1224,flavors,A
1225,flavours,B
1226,flavorful,A
1227,flavourful,B
1228,flavorfuler,A
1229,flavourfuler,B
1230,flavorfulest,A
1231,flavourfulest,B
1232,flavorless,A
1233,flavourless,B
1234,flavorlesser,A
1235,flavourlesser,B
1236,flavorlessest,A
1237,flavourlessest,B
1238,flavorsome,A
1239,flavoursome,B
1240,flavorsomer,A
1241,flavoursomer,B
1242,flavorsomest,A
1243,flavoursomest,B
1244,flutist,A
1245,flautist,B
1246,flutist's,A
1247,flautist's,B
1248,flutists,A
1249,flautists,B
1250,fogy,A
1251,fogey,B
1252,fogies,A
1253,fogeys,B
1254,fogy's,A
1255,fogey's,B
1256,fontanel,A
1257,fontanelle,B
1258,fontanels,A
1259,fontanelles,B
1260,fontanel's,A
1261,fontanelle's,B
1262,forgather,A
1263,foregather,B
1264,forgathered,A
1265,foregathered,B
1266,forgathering,A
1267,foregathering,B
1268,forgathers,A
1269,foregathers,B
1270,fueled,A
1271,fuelled,B
1272,fueling,A
1273,fuelling,B
1274,fulfill,A
1275,fulfil,B
1276,fulfills,A
1277,fulfils,B
1278,fulfillment,A
1279,fulfilment,B
1280,fulfillments,A
1281,fulfilments,B
1282,fulfillment's,A
1283,fulfilment's,B
1284,funneled,A
1285,funnelled,B
1286,funneling,A
1287,funnelling,B
1288,furor,A
1289,furore,B
1290,furors,A
1291,furores,B
1292,furor's,A
1293,furore's,B
1294,gamboled,A
1295,gambolled,B
1296,gamboling,A
1297,gambolling,B
1298,gemology,A
1299,gemmology,B
1300,gemologies,A
1301,gemmologies,B
1302,gemology's,A
1303,gemmology's,B
1304,glycerin,A
1305,glycerine,B
1306,glycerins,A
1307,glycerines,B
1308,glycerin's,A
1309,glycerine's,B
1310,gobbledygook,A
1311,gobbledegook,B
1312,gobbledygooks,A
1313,gobbledegooks,B
1314,gobbledygook's,A
1315,gobbledegook's,B
1316,goiter,A
1317,goitre,B
1318,goiters,A
1319,goitres,B
1320,goiter's,A
1321,goitre's,B
1322,gonorrhea,A
1323,gonorrhoea,B
1324,gonorrheas,A
1325,gonorrhoeas,B
1326,gonorrhea's,A
1327,gonorrhoea's,B
1328,gonorrheal,A
1329,gonorrhoeal,B
1330,gonorrhealer,A
1331,gonorrhoealer,B
1332,gonorrhealest,A
1333,gonorrhoealest,B
1334,graveled,A
1335,gravelled,B
1336,graveling,A
1337,gravelling,B
1338,gray,A
1339,grey,B
1340,grayed,A
1341,greyed,B
1342,grayer,A
1343,greyer,B
1344,grayest,A
1345,greyest,B
1346,graying,A
1347,greying,B
1348,grays,A
1349,greys,B
1350,gray's,A
1351,grey's,B
1352,grayish,A
1353,greyish,B
1354,grayness,A
1355,greyness,B
1356,grayness's,A
1357,greyness's,B
1358,grecism,A
1359,graecism,B
1360,grecisms,A
1361,graecisms,B
1362,grecism's,A
1363,graecism's,B
1364,groveled,A
1365,grovelled,B
1366,groveling,A
1367,grovelling,B
1368,groveler,A
1369,groveller,B
1370,grovelers,A
1371,grovellers,B
1372,groveler's,A
1373,groveller's,B
1374,grovelingly,A
1375,grovellingly,B
1376,grovelinglier,A
1377,grovellinglier,B
1378,grovelingliest,A
1379,grovellingliest,B
1380,grueled,A
1381,gruelled,B
1382,grueling,A
1383,gruelling,B
1384,gruelings,A
1385,gruellings,B
1386,grueling's,A
1387,gruelling's,B
1388,gruelingly,A
1389,gruellingly,B
1390,gynecological,A
1391,gynaecological,B
1392,gynecologicaler,A
1393,gynaecologicaler,B
1394,gynecologicalest,A
1395,gynaecologicalest,B
1396,gynecologicals,A
1397,gynaecologicals,B
1398,gynecological's,A
1399,gynaecological's,B
1400,gynecologist,A
1401,gynaecologist,B
1402,gynecologists,A
1403,gynaecologists,B
1404,gynecologist's,A
1405,gynaecologist's,B
1406,gynecology,A
1407,gynaecology,B
1408,gynecologies,A
1409,gynaecologies,B
1410,gynecology's,A
1411,gynaecology's,B
1412,gynecomastia,A
1413,gynaecomastia,B
1414,gynecomastias,A
1415,gynaecomastias,B
1416,gynecomastia's,A
1417,gynaecomastia's,B
1418,hankie,A
1419,hanky,B
1420,hankie's,A
1421,hanky's,B
1422,harbor,A
1423,harbour,B
1424,harbored,A
1425,harboured,B
1426,harboring,A
1427,harbouring,B
1428,harbors,A
1429,harbours,B
1430,harbor's,A
1431,harbour's,B
1432,hectoliter,A
1433,hectolitre,B
1434,hectoliters,A
1435,hectolitres,B
1436,hectoliter's,A
1437,hectolitre's,B
1438,hectometer,A
1439,hectometre,B
1440,hectometers,A
1441,hectometres,B
1442,hectometer's,A
1443,hectometre's,B
1444,hemal,A
1445,haemal,B
1446,hematite,A
1447,haematite,B
1448,hematites,A
1449,haematites,B
1450,hematite's,A
1451,haematite's,B
1452,hematocele,A
1453,haematocele,B
1454,hematocele's,A
1455,haematocele's,B
1456,hematologic,A
1457,haematologic,B
1458,hematological,A
1459,haematological,B
1460,hematologist,A
1461,haematologist,B
1462,hematologists,A
1463,haematologists,B
1464,hematologist's,A
1465,haematologist's,B
1466,hematology,A
1467,haematology,B
1468,hematologies,A
1469,haematologies,B
1470,hematology's,A
1471,haematology's,B
1472,hematoxylin,A
1473,haematoxylin,B
1474,hematoxylins,A
1475,haematoxylins,B
1476,hematoxylin's,A
1477,haematoxylin's,B
1478,hematuria,A
1479,haematuria,B
1480,hematurias,A
1481,haematurias,B
1482,hematuria's,A
1483,haematuria's,B
1484,hemodialysis,A
1485,haemodialysis,B
1486,hemodialysis's,A
1487,haemodialysis's,B
1488,hemoglobin,A
1489,haemoglobin,B
1490,hemoglobin's,A
1491,haemoglobin's,B
1492,hemophilia,A
1493,haemophilia,B
1494,hemophilia's,A
1495,haemophilia's,B
1496,hemophiliac,A
1497,haemophiliac,B
1498,hemophiliacs,A
1499,haemophiliacs,B
1500,hemophiliac's,A
1501,haemophiliac's,B
1502,hemophilic,A
1503,haemophilic,B
1504,hemorrhage,A
1505,haemorrhage,B
1506,hemorrhage's,A
1507,haemorrhage's,B
1508,hemorrhaged,A
1509,haemorrhaged,B
1510,hemorrhaging,A
1511,haemorrhaging,B
1512,hemorrhages,A
1513,haemorrhages,B
1514,hemorrhoid,A
1515,haemorrhoid,B
1516,hemorrhoids,A
1517,haemorrhoids,B
1518,hemorrhoidal,A
1519,haemorrhoidal,B
1520,honor,A
1521,honour,B
1522,honored,A
1523,honoured,B
1524,honoring,A
1525,honouring,B
1526,honors,A
1527,honours,B
1528,honor's,A
1529,honour's,B
1530,honorable,A
1531,honourable,B
1532,honorabler,A
1533,honourabler,B
1534,honorables,A
1535,honourables,B
1536,honorablest,A
1537,honourablest,B
1538,honorable's,A
1539,honourable's,B
1540,honorableness,A
1541,honourableness,B
1542,honorablenesses,A
1543,honourablenesses,B
1544,honorableness's,A
1545,honourableness's,B
1546,honorably,A
1547,honourably,B
1548,honorablier,A
1549,honourablier,B
1550,honorablies,A
1551,honourablies,B
1552,honorabliest,A
1553,honourabliest,B
1554,humor,A
1555,humour,B
1556,humored,A
1557,humoured,B
1558,humoring,A
1559,humouring,B
1560,humors,A
1561,humours,B
1562,humor's,A
1563,humour's,B
1564,humorless,A
1565,humourless,B
1566,humorlesser,A
1567,humourlesser,B
1568,humorlessest,A
1569,humourlessest,B
1570,humorlessness,A
1571,humourlessness,B
1572,humorlessnesses,A
1573,humourlessnesses,B
1574,humorlessness's,A
1575,humourlessness's,B
1576,hydrolyze,A
1577,hydrolyse,B
1578,hydrolyzed,A
1579,hydrolysed,B
1580,hydrolyzing,A
1581,hydrolysing,B
1582,hydrolyzes,A
1583,imperiled,A
1584,imperilled,B
1585,imperiling,A
1586,imperilling,B
1587,indraft,A
1588,indraught,B
1589,indrafts,A
1590,indraughts,B
1591,indraft's,A
1592,indraught's,B
1593,initialed,A
1594,initialled,B
1595,initialing,A
1596,initialling,B
1597,installment,A
1598,instalment,B
1599,installments,A
1600,instalments,B
1601,installment's,A
1602,instalment's,B
1603,instill,A
1604,instil,B
1605,instills,A
1606,instils,B
1607,ischemia,A
1608,ischaemia,B
1609,ischemias,A
1610,ischaemias,B
1611,ischemia's,A
1612,ischaemia's,B
1613,ischemic,A
1614,ischaemic,B
1615,jeweled,A
1616,jewelled,B
1617,jeweling,A
1618,jewelling,B
1619,jeweler,A
1620,jeweller,B
1621,jewelers,A
1622,jewellers,B
1623,jeweler's,A
1624,jeweller's,B
1625,jewelry,A
1626,jewellery,B
1627,jewelry's,A
1628,jewellery's,B
1629,judgment,A
1630,judgement,B
1631,judgments,A
1632,judgements,B
1633,judgment's,A
1634,judgement's,B
1635,judgmental,A
1636,judgemental,B
1637,judgmentaler,A
1638,judgementaler,B
1639,judgmentalest,A
1640,judgementalest,B
1641,kenneled,A
1642,kennelled,B
1643,kenneling,A
1644,kennelling,B
1645,kiloliter,A
1646,kilolitre,B
1647,kiloliters,A
1648,kilolitres,B
1649,kiloliter's,A
1650,kilolitre's,B
1651,kilometer,A
1652,kilometre,B
1653,kilometers,A
1654,kilometres,B
1655,kilometer's,A
1656,kilometre's,B
1657,kindergartner,A
1658,kindergartener,B
1659,kindergartners,A
1660,kindergarteners,B
1661,kindergartner's,A
1662,kindergartener's,B
1663,kinesthesia,A
1664,kinaesthesia,B
1665,kinesthesias,A
1666,kinaesthesias,B
1667,kinesthesia's,A
1668,kinaesthesia's,B
1669,kinesthetic,A
1670,kinaesthetic,B
1671,kinestheticer,A
1672,kinaestheticer,B
1673,kinestheticest,A
1674,kinaestheticest,B
1675,kinesthetics,A
1676,kinaesthetics,B
1677,labeled,A
1678,labelled,B
1679,labeling,A
1680,labelling,B
1681,labeler,A
1682,labeller,B
1683,labelers,A
1684,labellers,B
1685,labeler's,A
1686,labeller's,B
1687,labor,A
1688,labour,B
1689,labored,A
1690,laboured,B
1691,laboring,A
1692,labouring,B
1693,labor's,A
1694,labour's,B
1695,laborings,A
1696,labourings,B
1697,laboring's,A
1698,labouring's,B
1699,labors,A
1700,labours,B
1701,laborer,A
1702,labourer,B
1703,laborers,A
1704,labourers,B
1705,laborer's,A
1706,labourer's,B
1707,lackluster,A
1708,lacklustre,B
1709,lacklusterrer,A
1710,lacklustrer,B
1711,lacklusterrest,A
1712,lacklustrest,B
1713,lacklusters,A
1714,lacklustres,B
1715,lackluster's,A
1716,lacklustre's,B
1717,leukemia,A
1718,leukaemia,B
1719,leukemias,A
1720,leukaemias,B
1721,leukemia's,A
1722,leukaemia's,B
1723,leveled,A
1724,levelled,B
1725,leveler,A
1726,leveller,B
1727,levelers,A
1728,levellers,B
1729,leveler's,A
1730,leveller's,B
1731,levelest,A
1732,levellest,B
1733,leveling,A
1734,levelling,B
1735,leveling's,A
1736,levelling's,B
1737,libeled,A
1738,libelled,B
1739,libeling,A
1740,libelling,B
1741,libeler,A
1742,libeller,B
1743,libelers,A
1744,libellers,B
1745,libeler's,A
1746,libeller's,B
1747,libelous,A
1748,libellous,B
1749,libelouser,A
1750,libellouser,B
1751,libelousest,A
1752,libellousest,B
1753,likability,A
1754,likeability,B
1755,likabilities,A
1756,likeabilities,B
1757,likability's,A
1758,likeability's,B
1759,likable,A
1760,likeable,B
1761,likableness,A
1762,likeableness,B
1763,likablenesses,A
1764,likeablenesses,B
1765,likableness's,A
1766,likeableness's,B
1767,lissome,A
1768,lissom,B
1769,lissomeness,A
1770,lissomness,B
1771,lissomenesses,A
1772,lissomnesses,B
1773,liter,A
1774,litre,B
1775,liters,A
1776,litres,B
1777,liter's,A
1778,litre's,B
1779,livable,A
1780,liveable,B
1781,logorrhea,A
1782,logorrhoea,B
1783,logorrheas,A
1784,logorrhoeas,B
1785,logorrhea's,A
1786,logorrhoea's,B
1787,louver,A
1788,louvre,B
1789,louvered,A
1790,louvred,B
1791,louvers,A
1792,louvres,B
1793,louver's,A
1794,louvre's,B
1795,luster,A
1796,lustre,B
1797,lustered,A
1798,lustred,B
1799,lustering,A
1800,lustring,B
1801,luster's,A
1802,lustre's,B
1803,lustering's,A
1804,lustring's,B
1805,lusters,A
1806,lustres,B
1807,lusterless,A
1808,lustreless,B
1809,lusterlesser,A
1810,lustrelesser,B
1811,lusterlessest,A
1812,lustrelessest,B
1813,lusterware,A
1814,lustreware,B
1815,lusterwares,A
1816,lustrewares,B
1817,lusterware's,A
1818,lustreware's,B
1819,mandean,A
1820,mandaean,B
1821,mandeans,A
1822,mandaeans,B
1823,mandean's,A
1824,mandaean's,B
1825,manoeuvre,B
1826,maneuver,A
1827,manoeuvred,B
1828,maneuvered,A
1829,manoeuvring,B
1830,maneuvering,A
1831,manoeuvrings,B
1832,maneuverings,A
1833,manoeuvres,B
1834,maneuvers,A
1835,manoeuvre's,B
1836,maneuver's,A
1837,maneuverability,A
1838,manoeuvrability,B
1839,maneuverabilities,A
1840,manoeuvrabilities,B
1841,maneuverability's,A
1842,manoeuvrability's,B
1843,maneuverable,A
1844,manoeuvrable,B
1845,maneuverabler,A
1846,manoeuvrabler,B
1847,maneuverablest,A
1848,manoeuvrablest,B
1849,maneuverer,A
1850,manoeuvrer,B
1851,maneuverers,A
1852,manoeuvrers,B
1853,maneuverer's,A
1854,manoeuvrer's,B
1855,manicheism,A
1856,manichaeism,B
1857,manicheisms,A
1858,manichaeisms,B
1859,manicheism's,A
1860,manichaeism's,B
1861,marshaled,A
1862,marshalled,B
1863,marshaling,A
1864,marshalling,B
1865,marveled,A
1866,marvelled,B
1867,marveling,A
1868,marvelling,B
1869,marvelous,A
1870,marvellous,B
1871,marvelouser,A
1872,marvellouser,B
1873,marvelousest,A
1874,marvellousest,B
1875,marvelously,A
1876,marvellously,B
1877,marvelouslier,A
1878,marvellouslier,B
1879,marvelousliest,A
1880,marvellousliest,B
1881,marvelousness,A
1882,marvellousness,B
1883,marvelousnesses,A
1884,marvellousnesses,B
1885,marvelousness's,A
1886,marvellousness's,B
1887,meager,A
1888,meagre,B
1889,meagerrer,A
1890,meagrer,B
1891,meagerrest,A
1892,meagrest,B
1893,medalist,A
1894,medallist,B
1895,medalists,A
1896,medallists,B
1897,medalist's,A
1898,medallist's,B
1899,meow,A
1900,miaow,B
1901,meowed,A
1902,miaowed,B
1903,meowing,A
1904,miaowing,B
1905,meows,A
1906,miaows,B
1907,meow's,A
1908,miaow's,B
1909,metacenter,A
1910,metacentre,B
1911,metacenters,A
1912,metacentres,B
1913,metacenter's,A
1914,metacentre's,B
1915,metaled,A
1916,metalled,B
1917,metaling,A
1918,metalling,B
1919,milliliter,A
1920,millilitre,B
1921,milliliters,A
1922,millilitres,B
1923,milliliter's,A
1924,millilitre's,B
1925,millimeter,A
1926,millimetre,B
1927,millimeters,A
1928,millimetres,B
1929,millimeter's,A
1930,millimetre's,B
1931,misbehavior,A
1932,misbehaviour,B
1933,misbehaviors,A
1934,misbehaviours,B
1935,misbehavior's,A
1936,misbehaviour's,B
1937,misdemeanor,A
1938,misdemeanour,B
1939,misdemeanors,A
1940,misdemeanours,B
1941,misdemeanor's,A
1942,misdemeanour's,B
1943,misjudgment,A
1944,misjudgement,B
1945,misjudgments,A
1946,misjudgements,B
1947,misjudgment's,A
1948,misjudgement's,B
1949,miter,A
1950,mitre,B
1951,mitered,A
1952,mitred,B
1953,mitering,A
1954,mitring,B
1955,miters,A
1956,mitres,B
1957,miter's,A
1958,mitre's,B
1959,modeled,A
1960,modelled,B
1961,modeler,A
1962,modeller,B
1963,modelers,A
1964,modellers,B
1965,modeler's,A
1966,modeller's,B
1967,modeling,A
1968,modelling,B
1969,modelings,A
1970,modellings,B
1971,modeling's,A
1972,modelling's,B
1973,moggy,A
1974,moggie,B
1975,moggy's,A
1976,moggie's,B
1977,mold,A
1978,mould,B
1979,molded,A
1980,moulded,B
1981,molding,A
1982,moulding,B
1983,mold's,A
1984,mould's,B
1985,moldings,A
1986,mouldings,B
1987,molding's,A
1988,moulding's,B
1989,molds,A
1990,moulds,B
1991,molder,A
1992,moulder,B
1993,molder's,A
1994,moulder's,B
1995,moldered,A
1996,mouldered,B
1997,moldering,A
1998,mouldering,B
1999,molders,A
2000,moulders,B
2001,moldy,A
2002,mouldy,B
2003,moldier,A
2004,mouldier,B
2005,moldiest,A
2006,mouldiest,B
2007,mollusk,A
2008,mollusc,B
2009,mollusks,A
2010,molluscs,B
2011,mollusk's,A
2012,mollusc's,B
2013,molt,A
2014,moult,B
2015,molt's,A
2016,moult's,B
2017,molted,A
2018,moulted,B
2019,molting,A
2020,moulting,B
2021,molts,A
2022,moults,B
2023,mustache,A
2024,moustache,B
2025,mustaches,A
2026,moustaches,B
2027,mustache's,A
2028,moustache's,B
2029,mustached,A
2030,moustached,B
2031,myna,A
2032,mynah,B
2033,mynas,A
2034,mynahes,B
2035,myna's,A
2036,mynah's,B
2037,mythopeic,A
2038,mythopoeic,B
2039,myxedema,A
2040,myxoedema,B
2041,myxedemas,A
2042,myxoedemas,B
2043,myxedema's,A
2044,myxoedema's,B
2045,nanometer,A
2046,nanometre,B
2047,nanometers,A
2048,nanometres,B
2049,nanometer's,A
2050,nanometre's,B
2051,neighbor,A
2052,neighbour,B
2053,neighbored,A
2054,neighboured,B
2055,neighboring,A
2056,neighbouring,B
2057,neighbor's,A
2058,neighbour's,B
2059,neighborings,A
2060,neighbourings,B
2061,neighbors,A
2062,neighbours,B
2063,neighborhood,A
2064,neighbourhood,B
2065,neighborhoods,A
2066,neighbourhoods,B
2067,neighborhood's,A
2068,neighbourhood's,B
2069,neighborliness,A
2070,neighbourliness,B
2071,neighborlinesses,A
2072,neighbourlinesses,B
2073,neighborliness's,A
2074,neighbourliness's,B
2075,neighborly,A
2076,neighbourly,B
2077,neighborlier,A
2078,neighbourlier,B
2079,neighborliest,A
2080,neighbourliest,B
2081,niter,A
2082,nitre,B
2083,niters,A
2084,nitres,B
2085,niter's,A
2086,nitre's,B
2087,nitroglycerin,A
2088,nitroglycerine,B
2089,nitroglycerins,A
2090,nitroglycerines,B
2091,nitroglycerin's,A
2092,nitroglycerine's,B
2093,numskull,A
2094,numbskull,B
2095,numskulls,A
2096,numbskulls,B
2097,numskull's,A
2098,numbskull's,B
2099,ocher,A
2100,ochre,B
2101,ochered,A
2102,ochred,B
2103,ochering,A
2104,ochring,B
2105,ocherrer,A
2106,ochrer,B
2107,ocherrest,A
2108,ochrest,B
2109,ochers,A
2110,ochres,B
2111,ocher's,A
2112,ochre's,B
2113,ocherous,A
2114,ochreous,B
2115,ocherouser,A
2116,ochreouser,B
2117,ocherousest,A
2118,ochreousest,B
2119,odor,A
2120,odour,B
2121,odors,A
2122,odours,B
2123,odor's,A
2124,odour's,B
2125,odorless,A
2126,odourless,B
2127,odorlesser,A
2128,odourlesser,B
2129,odorlessest,A
2130,odourlessest,B
2131,offense,A
2132,offence,B
2133,offenses,A
2134,offences,B
2135,offense's,A
2136,offence's,B
2137,omelet,A
2138,omelette,B
2139,omelets,A
2140,omelettes,B
2141,omelet's,A
2142,omelette's,B
2143,organdy,A
2144,organdie,B
2145,organdy's,A
2146,organdie's,B
2147,orthopedic,A
2148,orthopaedic,B
2149,orthopedicer,A
2150,orthopaedicer,B
2151,orthopedicest,A
2152,orthopaedicest,B
2153,orthopedics,A
2154,orthopaedics,B
2155,orthopedic's,A
2156,orthopaedic's,B
2157,orthopedics's,A
2158,orthopaedics's,B
2159,orthopedist,A
2160,orthopaedist,B
2161,orthopedists,A
2162,orthopaedists,B
2163,orthopedist's,A
2164,orthopaedist's,B
2165,outmaneuver,A
2166,outmanoeuvre,B
2167,outmaneuvered,A
2168,outmanoeuvred,B
2169,outmaneuvering,A
2170,outmanoeuvring,B
2171,outmaneuvers,A
2172,outmanoeuvres,B
2173,oversize,A
2174,oversized,B
2175,pajama,A
2176,pyjama,B
2177,pajamas,A
2178,pyjamas,B
2179,pajama's,A
2180,pyjama's,B
2181,pajamas's,A
2182,pyjamas's,B
2183,paleoclimatology,A
2184,palaeoclimatology,B
2185,paleoclimatologies,A
2186,palaeoclimatologies,B
2187,paleoclimatology's,A
2188,palaeoclimatology's,B
2189,paleoecology,A
2190,palaeoecology,B
2191,paleoecologies,A
2192,palaeoecologies,B
2193,paleoecology's,A
2194,palaeoecology's,B
2195,paleogeography,A
2196,palaeogeography,B
2197,paleogeographies,A
2198,palaeogeographies,B
2199,paleolithic,A
2200,palaeolithic,B
2201,paleontological,A
2202,palaeontological,B
2203,paleontologist,A
2204,palaeontologist,B
2205,paleontologist's,A
2206,palaeontologist's,B
2207,paleontologists,A
2208,palaeontologists,B
2209,paleontology,A
2210,palaeontology,B
2211,paleontology's,A
2212,palaeontology's,B
2213,paneled,A
2214,panelled,B
2215,paneling,A
2216,panelling,B
2217,panelings,A
2218,panellings,B
2219,paneling's,A
2220,panelling's,B
2221,panelist,A
2222,panellist,B
2223,panelists,A
2224,panellists,B
2225,panelist's,A
2226,panellist's,B
2227,paralyze,A
2228,paralyse,B
2229,paralyzed,A
2230,paralysed,B
2231,paralyzing,A
2232,paralysing,B
2233,paralyzes,A
2234,parceled,A
2235,parcelled,B
2236,parceling,A
2237,parcelling,B
2238,parceling's,A
2239,parcelling's,B
2240,parlor,A
2241,parlour,B
2242,parlors,A
2243,parlours,B
2244,parlor's,A
2245,parlour's,B
2246,parlormaid,A
2247,parlourmaid,B
2248,pedaled,A
2249,pedalled,B
2250,pedaler,A
2251,pedaller,B
2252,pedalers,A
2253,pedallers,B
2254,pedaler's,A
2255,pedaller's,B
2256,pedaling,A
2257,pedalling,B
2258,peddler,A
2259,pedlar,B
2260,peddlers,A
2261,pedlars,B
2262,peddler's,A
2263,pedlar's,B
2264,pediatric,A
2265,paediatric,B
2266,pediatrics,A
2267,paediatrics,B
2268,paediatrician,B
2269,pediatrician,A
2270,paediatricians,B
2271,pediatricians,A
2272,paediatrician's,B
2273,pediatrician's,A
2274,pedophile,A
2275,paedophile,B
2276,pedophiles,A
2277,paedophiles,B
2278,pedophilia,A
2279,paedophilia,B
2280,pedophilias,A
2281,paedophilias,B
2282,penciled,A
2283,pencilled,B
2284,penciling,A
2285,pencilling,B
2286,pencilings,A
2287,pencillings,B
2288,periled,A
2289,perilled,B
2290,periling,A
2291,perilling,B
2292,philter,A
2293,philtre,B
2294,philter's,A
2295,philtre's,B
2296,philters,A
2297,philtres,B
2298,piaster,A
2299,piastre,B
2300,piasters,A
2301,piastres,B
2302,piaster's,A
2303,piastre's,B
2304,plow,A
2305,plough,B
2306,plowed,A
2307,ploughed,B
2308,plowing,A
2309,ploughing,B
2310,plow's,A
2311,plough's,B
2312,plowing's,A
2313,ploughing's,B
2314,plows,A
2315,ploughs,B
2316,plowable,A
2317,ploughable,B
2318,plower,A
2319,plougher,B
2320,plowers,A
2321,ploughers,B
2322,plower's,A
2323,plougher's,B
2324,plowman,A
2325,ploughman,B
2326,plowmen,A
2327,ploughmen,B
2328,plowman's,A
2329,ploughman's,B
2330,plowshare,A
2331,ploughshare,B
2332,plowshares,A
2333,ploughshares,B
2334,plowshare's,A
2335,ploughshare's,B
2336,pommeled,A
2337,pommelled,B
2338,pommeling,A
2339,pommelling,B
2340,porer,A
2341,pourer,B
2342,porers,A
2343,pourers,B
2344,practicer,A
2345,practiser,B
2346,practicers,A
2347,practisers,B
2348,practicer's,A
2349,practiser's,B
2350,prejudgment,A
2351,prejudgement,B
2352,prejudgments,A
2353,prejudgements,B
2354,prejudgment's,A
2355,prejudgement's,B
2356,pretense,A
2357,pretence,B
2358,pretenses,A
2359,pretences,B
2360,pretense's,A
2361,pretence's,B
2362,preterit,A
2363,preterite,B
2364,preterits,A
2365,preterites,B
2366,preterit's,A
2367,preterite's,B
2368,psychoanalyze,A
2369,psychoanalyse,B
2370,psychoanalyzed,A
2371,psychoanalysed,B
2372,psychoanalyzing,A
2373,psychoanalysing,B
2374,psychoanalyzes,A
2375,pummeled,A
2376,pummelled,B
2377,pummeling,A
2378,pummelling,B
2379,pyorrhea,A
2380,pyorrhoea,B
2381,pyorrheas,A
2382,pyorrhoeas,B
2383,pyorrhea's,A
2384,pyorrhoea's,B
2385,pyrolyze,A
2386,pyrolyse,B
2387,pyrolyzed,A
2388,pyrolysed,B
2389,pyrolyzing,A
2390,pyrolysing,B
2391,pyrolyzes,A
2392,pyrolyze's,A
2393,pyrolyse's,B
2394,quarreled,A
2395,quarrelled,B
2396,quarreling,A
2397,quarrelling,B
2398,quarreler,A
2399,quarreller,B
2400,quarrelers,A
2401,quarrellers,B
2402,quarreler's,A
2403,quarreller's,B
2404,rancor,A
2405,rancour,B
2406,rancors,A
2407,rancours,B
2408,rancor's,A
2409,rancour's,B
2410,reanalyze,A
2411,reanalyse,B
2412,reanalyzed,A
2413,reanalysed,B
2414,reanalyzing,A
2415,reanalysing,B
2416,reanalyzes,A
2417,reconnoiter,A
2418,reconnoitre,B
2419,reconnoitered,A
2420,reconnoitred,B
2421,reconnoitering,A
2422,reconnoitring,B
2423,reconnoiters,A
2424,reconnoitres,B
2425,reconnoiter's,A
2426,reconnoitre's,B
2427,redialed,A
2428,redialled,B
2429,redialing,A
2430,redialling,B
2431,refueled,A
2432,refuelled,B
2433,refueling,A
2434,refuelling,B
2435,remodeled,A
2436,remodelled,B
2437,remodeling,A
2438,remodelling,B
2439,remold,A
2440,remould,B
2441,remolded,A
2442,remoulded,B
2443,remolding,A
2444,remoulding,B
2445,remolds,A
2446,remoulds,B
2447,reveled,A
2448,revelled,B
2449,reveling,A
2450,revelling,B
2451,revelings,A
2452,revellings,B
2453,reveler,A
2454,reveller,B
2455,revelers,A
2456,revellers,B
2457,reveler's,A
2458,reveller's,B
2459,rigor,A
2460,rigour,B
2461,rigors,A
2462,rigours,B
2463,rigor's,A
2464,rigour's,B
2465,rivaled,A
2466,rivalled,B
2467,rivaling,A
2468,rivalling,B
2469,roweled,A
2470,rowelled,B
2471,roweling,A
2472,rowelling,B
2473,rumor,A
2474,rumour,B
2475,rumored,A
2476,rumoured,B
2477,rumoring,A
2478,rumouring,B
2479,rumors,A
2480,rumours,B
2481,rumor's,A
2482,rumour's,B
2483,saber,A
2484,sabre,B
2485,sabered,A
2486,sabred,B
2487,sabering,A
2488,sabring,B
2489,sabers,A
2490,sabres,B
2491,saber's,A
2492,sabre's,B
2493,salable,A
2494,saleable,B
2495,salabler,A
2496,saleabler,B
2497,salablest,A
2498,saleablest,B
2499,saltpeter,A
2500,saltpetre,B
2501,saltpeters,A
2502,saltpetres,B
2503,saltpeter's,A
2504,saltpetre's,B
2505,sandaled,A
2506,sandalled,B
2507,sandaling,A
2508,sandalling,B
2509,savior,A
2510,saviour,B
2511,saviors,A
2512,saviours,B
2513,savior's,A
2514,saviour's,B
2515,savor,A
2516,savour,B
2517,savored,A
2518,savoured,B
2519,savoring,A
2520,savouring,B
2521,savors,A
2522,savours,B
2523,savor's,A
2524,savour's,B
2525,savorily,A
2526,savourily,B
2527,savorilies,A
2528,savourilies,B
2529,savoriness,A
2530,savouriness,B
2531,savorinesses,A
2532,savourinesses,B
2533,savoriness's,A
2534,savouriness's,B
2535,savorless,A
2536,savourless,B
2537,savorlesser,A
2538,savourlesser,B
2539,savorlessest,A
2540,savourlessest,B
2541,savory,A
2542,savoury,B
2543,savorier,A
2544,savourier,B
2545,savories,A
2546,savouries,B
2547,savoriest,A
2548,savouriest,B
2549,savory's,A
2550,savoury's,B
2551,scepter,A
2552,sceptre,B
2553,sceptered,A
2554,sceptred,B
2555,sceptering,A
2556,sceptring,B
2557,scepters,A
2558,sceptres,B
2559,scepter's,A
2560,sceptre's,B
2561,seborrhea,A
2562,seborrhoea,B
2563,seborrheas,A
2564,seborrhoeas,B
2565,seborrhea's,A
2566,seborrhoea's,B
2567,seborrheic,A
2568,seborrhoeic,B
2569,septicemia,A
2570,septicaemia,B
2571,septicemias,A
2572,septicaemias,B
2573,septicemia's,A
2574,septicaemia's,B
2575,septicemic,A
2576,septicaemic,B
2577,sepulcher,A
2578,sepulchre,B
2579,sepulchered,A
2580,sepulchred,B
2581,sepulchering,A
2582,sepulchring,B
2583,sepulchers,A
2584,sepulchres,B
2585,sepulcher's,A
2586,sepulchre's,B
2587,shoveled,A
2588,shovelled,B
2589,shoveling,A
2590,shovelling,B
2591,shoveler,A
2592,shoveller,B
2593,shovelers,A
2594,shovellers,B
2595,shoveler's,A
2596,shoveller's,B
2597,shriveled,A
2598,shrivelled,B
2599,shriveling,A
2600,shrivelling,B
2601,signaled,A
2602,signalled,B
2603,signaler,A
2604,signaller,B
2605,signalers,A
2606,signallers,B
2607,signaler's,A
2608,signaller's,B
2609,signaling,A
2610,signalling,B
2611,sizable,A
2612,sizeable,B
2613,sizably,A
2614,sizeably,B
2615,skeptic,A
2616,sceptic,B
2617,skepticer,A
2618,scepticer,B
2619,skepticest,A
2620,scepticest,B
2621,skeptics,A
2622,sceptics,B
2623,skeptic's,A
2624,sceptic's,B
2625,skeptical,A
2626,sceptical,B
2627,skepticaler,A
2628,scepticaler,B
2629,skepticalest,A
2630,scepticalest,B
2631,skeptically,A
2632,sceptically,B
2633,skepticism,A
2634,scepticism,B
2635,skepticisms,A
2636,scepticisms,B
2637,skepticism's,A
2638,scepticism's,B
2639,slier,A
2640,slyer,B
2641,sliest,A
2642,slyest,B
2643,smolder,A
2644,smoulder,B
2645,smoldered,A
2646,smouldered,B
2647,smoldering,A
2648,smouldering,B
2649,smolders,A
2650,smoulders,B
2651,smolder's,A
2652,smoulder's,B
2653,sniveled,A
2654,snivelled,B
2655,sniveling,A
2656,snivelling,B
2657,snivelings,A
2658,snivellings,B
2659,sniveler,A
2660,sniveller,B
2661,snivelers,A
2662,snivellers,B
2663,sniveler's,A
2664,sniveller's,B
2665,snorkeled,A
2666,snorkelled,B
2667,snorkeling,A
2668,snorkelling,B
2669,snowplow,A
2670,snowplough,B
2671,snowplow's,A
2672,snowplough's,B
2673,snowplows,A
2674,snowploughs,B
2675,somber,A
2676,sombre,B
2677,somberer,A
2678,sombrer,B
2679,somberest,A
2680,sombrest,B
2681,somberly,A
2682,sombrely,B
2683,somberness,A
2684,sombreness,B
2685,sombernesses,A
2686,sombrenesses,B
2687,somberness's,A
2688,sombreness's,B
2689,specialty,A
2690,speciality,B
2691,specialties,A
2692,specialities,B
2693,specialty's,A
2694,speciality's,B
2695,specter,A
2696,spectre,B
2697,specters,A
2698,spectres,B
2699,specter's,A
2700,spectre's,B
2701,spilled,A
2702,spilt,B
2703,spiraled,A
2704,spiralled,B
2705,spiraling,A
2706,spiralling,B
2707,spirea,A
2708,spiraea,B
2709,spireas,A
2710,spiraeas,B
2711,spirea's,A
2712,spiraea's,B
2713,spirochete,A
2714,spirochaete,B
2715,spirochetes,A
2716,spirochaetes,B
2717,spirochete's,A
2718,spirochaete's,B
2719,splendor,A
2720,splendour,B
2721,splendors,A
2722,splendours,B
2723,splendor's,A
2724,splendour's,B
2725,squirreled,A
2726,squirrelled,B
2727,squirreling,A
2728,squirrelling,B
2729,stenciled,A
2730,stencilled,B
2731,stenciling,A
2732,stencilling,B
2733,succor,A
2734,succour,B
2735,succored,A
2736,succoured,B
2737,succoring,A
2738,succouring,B
2739,succors,A
2740,succours,B
2741,succor's,A
2742,succour's,B
2743,sulfate,A
2744,sulphate,B
2745,sulfate's,A
2746,sulphate's,B
2747,sulfates,A
2748,sulphates,B
2749,sulfide,A
2750,sulphide,B
2751,sulfide's,A
2752,sulphide's,B
2753,sulfides,A
2754,sulphides,B
2755,sulfur,A
2756,sulphur,B
2757,sulfured,A
2758,sulphured,B
2759,sulfuring,A
2760,sulphuring,B
2761,sulfurs,A
2762,sulphurs,B
2763,sulfur's,A
2764,sulphur's,B
2765,sulfuric,A
2766,sulphuric,B
2767,sulfurous,A
2768,sulphurous,B
2769,sweepstake,B
2770,sweepstakes,A
2771,sweepstake's,B
2772,sweepstakes's,A
2773,swiveled,A
2774,swivelled,B
2775,swiveling,A
2776,swivelling,B
2777,tambura,A
2778,tamboura,B
2779,tamburas,A
2780,tambouras,B
2781,tambura's,A
2782,tamboura's,B
2783,tasseled,A
2784,tasselled,B
2785,tasseling,A
2786,tasselling,B
2787,teetotaler,A
2788,teetotaller,B
2789,teetotalers,A
2790,teetotallers,B
2791,teetotaler's,A
2792,teetotaller's,B
2793,theater,A
2794,theatre,B
2795,theaters,A
2796,theatres,B
2797,theater's,A
2798,theatre's,B
2799,theatergoer,A
2800,theatregoer,B
2801,theatergoers,A
2802,theatregoers,B
2803,theatergoer's,A
2804,theatregoer's,B
2805,thralldom,A
2806,thraldom,B
2807,thralldoms,A
2808,thraldoms,B
2809,thralldom's,A
2810,thraldom's,B
2811,thruway,A
2812,throughway,B
2813,thruways,A
2814,throughways,B
2815,thruway's,A
2816,throughway's,B
2817,tidbit,A
2818,titbit,B
2819,tidbits,A
2820,titbits,B
2821,tidbit's,A
2822,titbit's,B
2823,tinseled,A
2824,tinselled,B
2825,tinseling,A
2826,tinselling,B
2827,titer,A
2828,titre,B
2829,titers,A
2830,titres,B
2831,titer's,A
2832,titre's,B
2833,totaled,A
2834,totalled,B
2835,totaling,A
2836,totalling,B
2837,toweled,A
2838,towelled,B
2839,toweling,A
2840,towelling,B
2841,towelings,A
2842,towellings,B
2843,toweling's,A
2844,towelling's,B
2845,toxemia,A
2846,toxaemia,B
2847,toxemias,A
2848,toxaemias,B
2849,toxemia's,A
2850,toxaemia's,B
2851,toxemic,A
2852,toxaemic,B
2853,trammeled,A
2854,trammelled,B
2855,trammeling,A
2856,trammelling,B
2857,tranquility,A
2858,tranquillity,B
2859,tranquilities,A
2860,tranquillities,B
2861,tranquility's,A
2862,tranquillity's,B
2863,traveled,A
2864,travelled,B
2865,traveler,A
2866,traveller,B
2867,travelers,A
2868,travellers,B
2869,traveler's,A
2870,traveller's,B
2871,traveling,A
2872,travelling,B
2873,travelings,A
2874,travellings,B
2875,traveling's,A
2876,travelling's,B
2877,trialed,A
2878,trialled,B
2879,trialing,A
2880,trialling,B
2881,troweled,A
2882,trowelled,B
2883,troweling,A
2884,trowelling,B
2885,tularemia,A
2886,tularaemia,B
2887,tularemias,A
2888,tularaemias,B
2889,tumbrel,A
2890,tumbril,B
2891,tumbrels,A
2892,tumbrils,B
2893,tumbrel's,A
2894,tumbril's,B
2895,tumor,A
2896,tumour,B
2897,tumors,A
2898,tumours,B
2899,tumor's,A
2900,tumour's,B
2901,tunneled,A
2902,tunnelled,B
2903,tunneling,A
2904,tunnelling,B
2905,tunnelings,A
2906,tunnellings,B
2907,tunneler,A
2908,tunneller,B
2909,tunnelers,A
2910,tunnellers,B
2911,tunneler's,A
2912,tunneller's,B
2913,unbeknownst,A
2914,unbeknown,B
2915,uncolored,A
2916,uncoloured,B
2917,uncoloredder,A
2918,uncolouredder,B
2919,uncoloreddest,A
2920,uncoloureddest,B
2921,uncoloreds,A
2922,uncoloureds,B
2923,unequaled,A
2924,unequalled,B
2925,unequaledder,A
2926,unequalledder,B
2927,unequaleddest,A
2928,unequalleddest,B
2929,unfavorable,A
2930,unfavourable,B
2931,unfavorabler,A
2932,unfavourabler,B
2933,unfavorables,A
2934,unfavourables,B
2935,unfavorablest,A
2936,unfavourablest,B
2937,unfavorable's,A
2938,unfavourable's,B
2939,unfavorably,A
2940,unfavourably,B
2941,unfavorablier,A
2942,unfavourablier,B
2943,unfavorabliest,A
2944,unfavourabliest,B
2945,unflavored,A
2946,unflavoured,B
2947,unflavoredder,A
2948,unflavouredder,B
2949,unflavoreddest,A
2950,unflavoureddest,B
2951,unlabeled,A
2952,unlabelled,B
2953,unlabeledder,A
2954,unlabelledder,B
2955,unlabeleddest,A
2956,unlabelleddest,B
2957,unpracticed,A
2958,unpractised,B
2959,unpracticedder,A
2960,unpractisedder,B
2961,unpracticeddest,A
2962,unpractiseddest,B
2963,unraveled,A
2964,unravelled,B
2965,unraveling,A
2966,unravelling,B
2967,unrivaled,A
2968,unrivalled,B
2969,unrivaledder,A
2970,unrivalledder,B
2971,unrivaleddest,A
2972,unrivalleddest,B
2973,unsavoriness,A
2974,unsavouriness,B
2975,unsavorinesses,A
2976,unsavourinesses,B
2977,unsavoriness's,A
2978,unsavouriness's,B
2979,unsavory,A
2980,unsavoury,B
2981,unsavorier,A
2982,unsavourier,B
2983,unsavories,A
2984,unsavouries,B
2985,unsavoriest,A
2986,unsavouriest,B
2987,unsavory's,A
2988,unsavoury's,B
2989,unshakable,A
2990,unshakeable,B
2991,untrammeled,A
2992,untrammelled,B
2993,untrammeledder,A
2994,untrammelledder,B
2995,untrammeleddest,A
2996,untrammelleddest,B
2997,updraft,A
2998,updraught,B
2999,updrafts,A
3000,updraughts,B
3001,updraft's,A
3002,updraught's,B
3003,uremia,A
3004,uraemia,B
3005,uremias,A
3006,uraemias,B
3007,uremia's,A
3008,uraemia's,B
3009,uremic,A
3010,uraemic,B
3011,valor,A
3012,valour,B
3013,valors,A
3014,valours,B
3015,valor's,A
3016,valour's,B
3017,vapor,A
3018,vapour,B
3019,vapored,A
3020,vapoured,B
3021,vaporing,A
3022,vapouring,B
3023,vapor's,A
3024,vapour's,B
3025,vaporings,A
3026,vapourings,B
3027,vaporing's,A
3028,vapouring's,B
3029,vapors,A
3030,vapours,B
3031,vaporware,A
3032,vapourware,B
3033,varicolored,A
3034,varicoloured,B
3035,varicoloredder,A
3036,varicolouredder,B
3037,varicoloreddest,A
3038,varicoloureddest,B
3039,varicoloreds,A
3040,varicoloureds,B
3041,varicolored's,A
3042,varicoloured's,B
3043,victualed,A
3044,victualled,B
3045,victualing,A
3046,victualling,B
3047,victualer,A
3048,victualler,B
3049,victualers,A
3050,victuallers,B
3051,victualer's,A
3052,victualler's,B
3053,vigor,A
3054,vigour,B
3055,vigors,A
3056,vigours,B
3057,vigor's,A
3058,vigour's,B
3059,watercolor,A
3060,watercolour,B
3061,watercolored,A
3062,watercoloured,B
3063,watercoloring,A
3064,watercolouring,B
3065,watercolors,A
3066,watercolours,B
3067,watercolor's,A
3068,watercolour's,B
3069,watercolorist,A
3070,watercolourist,B
3071,watercolorists,A
3072,watercolourists,B
3073,watercolorist's,A
3074,watercolourist's,B
3075,weaseled,A
3076,weaselled,B
3077,weaseling,A
3078,weaselling,B
3079,whir,A
3080,whirr,B
3081,whirs,A
3082,whirrs,B
3083,whir's,A
3084,whirr's,B
3085,willful,A
3086,wilful,B
3087,willfuler,A
3088,wilfuler,B
3089,willfulest,A
3090,wilfulest,B
3091,willfully,A
3092,wilfully,B
3093,willfullier,A
3094,wilfullier,B
3095,willfulliest,A
3096,wilfulliest,B
3097,willfulness,A
3098,wilfulness,B
3099,willfulness's,A
3100,wilfulness's,B
3101,woolen,A
3102,woollen,B
3103,woolenner,A
3104,woollenner,B
3105,woolennest,A
3106,woollennest,B
3107,woolens,A
3108,woollens,B
3109,woolen's,A
3110,woollen's,B
3111,worshiped,A
3112,worshipped,B
3113,worshiping,A
3114,worshipping,B
3115,worshiper,A
3116,worshipper,B
3117,worshipers,A
3118,worshippers,B
3119,worshiper's,A
3120,worshipper's,B
3121,yodeled,A
3122,yodelled,B
3123,yodeling,A
3124,yodelling,B
3125,yodeler,A
3126,yodeller,B
3127,yodelers,A
3128,yodellers,B
3129,yodeler's,A
3130,yodeller's,B
3131,anyplace,A
3133,ashcan's,A
3134,garbage can's,A
3135,trashcan's,A
3136,dustbin's,B
3137,ashcan,A
3138,garbage can,A
3139,trashcan,A
3140,dustbin,B
3141,ashcans,A
3142,garbage cans,A
3143,trashcans,A
3144,dustbins,B
3146,barrister,B
3149,barrister's,B
3152,barristers,B
3154,automobile,A
3156,automobile's,A
3158,automobiles,A
3160,beeper,A
3161,bleeper,B
3163,beeper's,A
3164,bleeper's,B
3166,beepers,A
3167,bleepers,B
3169,beltway,A
3170,ring road,B
3171,beltway's,A
3172,ring road's,B
3173,beltways,A
3174,ring roads,B
3175,billfold,A
3177,billfold's,A
3179,billfolds,A
3181,bookstore,A
3182,bookshop,B
3183,candy,A
3185,clothespin,A
3186,clothes peg,B
3187,diaper,A
3188,nappy,B
3189,diaper's,A
3190,nappy's,B
3191,diapers,A
3192,nappies,B
3193,dumpster,A
3195,elevator,A
3197,elevator's,A
3199,elevators,A
3201,eraser,A
3203,eraser's,A
3205,erasers,A
3207,flashlight,A
3209,flashlight's,A
3211,flashlights,A
3215,motorway,B
3220,motorways,B
3221,garbage collector,A
3222,dustman,B
3223,garbage collector's,A
3224,dustman's,B
3225,garbage collectors,A
3226,dustmans,B
3228,gasoline's,A
3229,petrol's,B
3231,gasoline,A
3232,petrol,B
3233,gearshift,A
3234,gear-lever,B
3235,gearshift's,A
3236,gear-lever's,B
3237,gearshifts,A
3238,gear-levers,B
3239,mailman,A
3240,postman,B
3241,mailman's,A
3242,postman's,B
3243,mailmans,A
3244,postmans,B
3245,math,A
3246,maths,B
3247,movie,A
3249,movie's,A
3251,movies,A
3253,overpass,A
3255,overpass's,A
3257,overpasses,A
3260,railway,B
3262,railway's,B
3264,railways,B
3266,pram,B
3267,thumbtack,A
3268,drawing-pin,B
3269,thumbtack's,A
3270,drawing-pin's,B
3271,thumbtacks,A
3272,drawing-pins,B
3273,traffic circle's,A
3274,roundabout's,B
3275,traffic circles,A
3276,roundabouts,B
3278,lorry,B
3280,lorry's,B
3282,lorries,B
3283,turnpike,A
3284,toll motorway,B
3285,turnpike's,A
3286,toll motorway's,B
3287,turnpikes,A
3288,toll motorways,B
3289,undershirt,A
3291,undershirt's,A
3293,undershirts,A
3295,vacation,A
3297,vacation's,A
3299,vacations,A
3301,whiskey's,A
3303,whisky's,B
3304,whiskey,A
3306,whisky,B
3307,whiskeys,A
3309,whiskys,B
3310,windshield,A
3312,windshield's,A
3314,windshields,A
3317,spanner,B
3319,spanner's,B
3321,spanners,B
3322,zip code,A
3323,postcode,B
3324,zip code's,A
3325,postcode's,B
3326,zip codes,A
3327,postcodes,B
3328,zipper,A
3330,zippered,A
3332,zippering,A
